zone,isLocked,area,area_um,area_mm
Grey Matter,0,231036850.96590024,32906754.271079905,32.906754271079905
White Matter,0,37805569.655200005,5384676.018223074,5.384676018223074
