zone,isLocked,area,area_um,area_mm
Grey Matter,0,222430701.13469988,31680973.80994817,31.680973809948163
White Matter,0,77609191.21089996,11053936.087153802,11.053936087153799
