zone,isLocked,area,area_um,area_mm
Grey Matter,0,349527036.7568492,49783401.48582597,49.78340148582597
White Matter,0,69237984.72225048,9861618.784858529,9.861618784858528
