zone,isLocked,area,area_um,area_mm
Grey Matter,0,283735498.5301,40412662.694621034,40.412662694621034
White Matter,0,98321429.15639992,14003995.879032202,14.003995879032201
