zone,isLocked,area,area_um,area_mm
Grey Matter,0,244731976.6500494,34857361.430568784,34.85736143056879
White Matter,0,201169453.41904974,28652718.139259856,28.652718139259857
