zone,isLocked,area,area_um,area_mm
Grey Matter,0,204576907.5870493,29138044.426073205,29.1380444260732
White Matter,0,53206777.24130012,7578281.719629081,7.57828171962908
