zone,isLocked,area,area_um,area_mm
Grey Matter,0,251935183.47160053,35883319.6525995,35.8833196525995
White Matter,0,262909521.0126995,37446402.88907477,37.44640288907477
