zone,isLocked,area,area_um,area_mm
Grey Matter,0,397213070.11125004,56575359.45787865,56.57535945787865
White Matter,0,16019027.434500013,2281602.2519566873,2.2816022519566874
